{"cameraMode":{"drawMode":0,"name":"Shaded","section":"Shading Mode"},"sceneLighting":false,"audioPlay":false,"sceneViewState":{"showFog":false,"showMaterialUpdate":false,"showSkybox":false,"showFlares":false,"showImageEffects":false,"showParticleSystems":false},"in2DMode":false,"pivot":{"x":4.865939140319824,"y":1.0181628465652466,"z":5.91100549697876},"rotation":{"x":0.013168984092772007,"y":-0.05999673530459404,"z":-0.0007566454587504268,"w":-0.9981591701507568},"size":5.451442241668701,"orthographic":false}