{"cameraMode":{"drawMode":0,"name":"Shaded","section":"Shading Mode"},"sceneLighting":false,"audioPlay":false,"sceneViewState":{"showFog":false,"showMaterialUpdate":false,"showSkybox":false,"showFlares":false,"showImageEffects":false,"showParticleSystems":false},"in2DMode":false,"pivot":{"x":-0.1551896333694458,"y":0.591987669467926,"z":0.031805966049432757},"rotation":{"x":0.034875158220529559,"y":-0.6921703815460205,"z":0.03340597078204155,"w":0.7201894521713257},"size":0.6954405307769775,"orthographic":false}