{"cameraMode":{"drawMode":0,"name":"Shaded","section":"Shading Mode"},"sceneLighting":false,"audioPlay":false,"sceneViewState":{"showFog":false,"showMaterialUpdate":false,"showSkybox":false,"showFlares":false,"showImageEffects":false,"showParticleSystems":false},"in2DMode":false,"pivot":{"x":5.10378360748291,"y":1.1633005142211915,"z":0.0},"rotation":{"x":0.08570704609155655,"y":0.005416925996541977,"z":-0.000527133175637573,"w":0.9963587522506714},"size":4.5461344718933109,"orthographic":false}