{"cameraMode":{"drawMode":0,"name":"Shaded","section":"Shading Mode"},"sceneLighting":false,"audioPlay":false,"sceneViewState":{"showFog":false,"showMaterialUpdate":false,"showSkybox":false,"showFlares":false,"showImageEffects":false,"showParticleSystems":false},"in2DMode":false,"pivot":{"x":2.7260632514953615,"y":0.14161944389343263,"z":1.140906810760498},"rotation":{"x":-0.10063084959983826,"y":0.016385380178689958,"z":-0.0016219792887568474,"w":-0.9948374032974243},"size":3.035153865814209,"orthographic":false}