{"cameraMode":{"drawMode":0,"name":"Shaded","section":"Shading Mode"},"sceneLighting":false,"audioPlay":false,"sceneViewState":{"showFog":false,"showMaterialUpdate":false,"showSkybox":false,"showFlares":false,"showImageEffects":false,"showParticleSystems":false},"in2DMode":false,"pivot":{"x":2.8182666301727297,"y":0.13868917524814607,"z":5.577113151550293},"rotation":{"x":-0.028725527226924897,"y":0.0763636976480484,"z":-0.0021651838906109335,"w":-0.9967107176780701},"size":5.450747489929199,"orthographic":false}