{"cameraMode":{"drawMode":0,"name":"Shaded","section":"Shading Mode"},"sceneLighting":false,"audioPlay":false,"sceneViewState":{"showFog":false,"showMaterialUpdate":false,"showSkybox":false,"showFlares":false,"showImageEffects":false,"showParticleSystems":false},"in2DMode":false,"pivot":{"x":-0.1703454554080963,"y":0.05264170840382576,"z":-0.24039143323898316},"rotation":{"x":0.17176289856433869,"y":0.04670929163694382,"z":-0.008216196671128273,"w":0.9840462803840637},"size":1.0330126285552979,"orthographic":false}