{"cameraMode":{"drawMode":0,"name":"Shaded","section":"Shading Mode"},"sceneLighting":false,"audioPlay":false,"sceneViewState":{"showFog":false,"showMaterialUpdate":false,"showSkybox":false,"showFlares":false,"showImageEffects":false,"showParticleSystems":false},"in2DMode":false,"pivot":{"x":4.3505449295043949,"y":-0.718000054359436,"z":5.862105369567871},"rotation":{"x":0.06925498694181442,"y":-0.009539695456624031,"z":0.0006016531842760742,"w":0.9976065754890442},"size":4.733667850494385,"orthographic":false}