{"cameraMode":{"drawMode":0,"name":"Shaded","section":"Shading Mode"},"sceneLighting":false,"audioPlay":false,"sceneViewState":{"showFog":false,"showMaterialUpdate":false,"showSkybox":false,"showFlares":false,"showImageEffects":false,"showParticleSystems":false},"in2DMode":false,"pivot":{"x":-0.05400991439819336,"y":3.813993215560913,"z":0.047557830810546878},"rotation":{"x":0.07224651426076889,"y":-0.011034131050109864,"z":0.0007331020315177739,"w":0.9973760843276978},"size":5.0988006591796879,"orthographic":false}