{"cameraMode":{"drawMode":0,"name":"Shaded","section":"Shading Mode"},"sceneLighting":false,"audioPlay":false,"sceneViewState":{"showFog":false,"showMaterialUpdate":false,"showSkybox":false,"showFlares":false,"showImageEffects":false,"showParticleSystems":false},"in2DMode":false,"pivot":{"x":1.0262095928192139,"y":0.7478713989257813,"z":-0.001236148178577423},"rotation":{"x":0.18978306651115418,"y":-0.2873755395412445,"z":0.058151163160800937,"w":0.9370754957199097},"size":0.10179723799228668,"orthographic":false}