{"cameraMode":{"drawMode":0,"name":"Shaded","section":"Shading Mode"},"sceneLighting":false,"audioPlay":false,"sceneViewState":{"showFog":false,"showMaterialUpdate":false,"showSkybox":false,"showFlares":false,"showImageEffects":false,"showParticleSystems":false},"in2DMode":false,"pivot":{"x":4.580000877380371,"y":1.3650000095367432,"z":0.0},"rotation":{"x":-0.20435406267642976,"y":-0.011772657744586468,"z":0.0025001419708132746,"w":-0.9788708686828613},"size":4.923030853271484,"orthographic":false}