{"cameraMode":{"drawMode":0,"name":"Shaded","section":"Shading Mode"},"sceneLighting":false,"audioPlay":false,"sceneViewState":{"showFog":false,"showMaterialUpdate":false,"showSkybox":false,"showFlares":false,"showImageEffects":false,"showParticleSystems":false},"in2DMode":false,"pivot":{"x":-0.08009901642799378,"y":0.018834110349416734,"z":0.24809309840202332},"rotation":{"x":0.08855967223644257,"y":0.05469486489892006,"z":-0.0049386294558644299,"w":0.9946063160896301},"size":1.0372811555862427,"orthographic":false}