{"cameraMode":{"drawMode":0,"name":"Shaded","section":"Shading Mode"},"sceneLighting":false,"audioPlay":false,"sceneViewState":{"showFog":false,"showMaterialUpdate":false,"showSkybox":false,"showFlares":false,"showImageEffects":false,"showParticleSystems":false},"in2DMode":false,"pivot":{"x":5.010000228881836,"y":0.684499979019165,"z":0.0},"rotation":{"x":-0.033171799033880237,"y":-0.08837331831455231,"z":0.0029771304689347746,"w":-0.9955796003341675},"size":5.183576583862305,"orthographic":false}