{"cameraMode":{"drawMode":0,"name":"Shaded","section":"Shading Mode"},"sceneLighting":false,"audioPlay":false,"sceneViewState":{"showFog":false,"showMaterialUpdate":false,"showSkybox":false,"showFlares":false,"showImageEffects":false,"showParticleSystems":false},"in2DMode":false,"pivot":{"x":2.9098777770996095,"y":0.8683457374572754,"z":-0.3838003873825073},"rotation":{"x":0.035978808999061587,"y":-0.13506296277046204,"z":0.004843743983656168,"w":0.990221381187439},"size":0.32703590393066409,"orthographic":false}