{"cameraMode":{"drawMode":0,"name":"Shaded","section":"Shading Mode"},"sceneLighting":false,"audioPlay":false,"sceneViewState":{"showFog":false,"showMaterialUpdate":false,"showSkybox":false,"showFlares":false,"showImageEffects":false,"showParticleSystems":false},"in2DMode":false,"pivot":{"x":2.990000009536743,"y":0.6899999976158142,"z":0.0},"rotation":{"x":0.06911200284957886,"y":0.06374403089284897,"z":-0.00448694359511137,"w":0.995609700679779},"size":0.17320503294467927,"orthographic":false}