{"cameraMode":{"drawMode":0,"name":"Shaded","section":"Shading Mode"},"sceneLighting":false,"audioPlay":false,"sceneViewState":{"showFog":false,"showMaterialUpdate":false,"showSkybox":false,"showFlares":false,"showImageEffects":false,"showParticleSystems":false},"in2DMode":false,"pivot":{"x":0.06237220764160156,"y":0.46794283390045168,"z":0.008113324642181397},"rotation":{"x":0.09914013743400574,"y":-0.015477378852665425,"z":0.0015450313221663237,"w":0.9950128197669983},"size":1.135472297668457,"orthographic":false}