{"cameraMode":{"drawMode":0,"name":"Shaded","section":"Shading Mode"},"sceneLighting":false,"audioPlay":false,"sceneViewState":{"showFog":false,"showMaterialUpdate":false,"showSkybox":false,"showFlares":false,"showImageEffects":false,"showParticleSystems":false},"in2DMode":false,"pivot":{"x":5.010000228881836,"y":1.184499979019165,"z":0.0},"rotation":{"x":-0.030256671831011773,"y":0.058409109711647037,"z":-0.0017362249782308937,"w":-0.9978806972503662},"size":5.183576583862305,"orthographic":false}