{"cameraMode":{"drawMode":0,"name":"Shaded","section":"Shading Mode"},"sceneLighting":false,"audioPlay":false,"sceneViewState":{"showFog":false,"showMaterialUpdate":false,"showSkybox":false,"showFlares":false,"showImageEffects":false,"showParticleSystems":false},"in2DMode":false,"pivot":{"x":3.376326560974121,"y":0.5913999080657959,"z":0.0},"rotation":{"x":0.08570704609155655,"y":0.005416925996541977,"z":-0.000527133175637573,"w":0.9963587522506714},"size":2.8101677894592287,"orthographic":false}