{"cameraMode":{"drawMode":0,"name":"Shaded","section":"Shading Mode"},"sceneLighting":false,"audioPlay":false,"sceneViewState":{"showFog":false,"showMaterialUpdate":false,"showSkybox":false,"showFlares":false,"showImageEffects":false,"showParticleSystems":false},"in2DMode":false,"pivot":{"x":1.7752339839935303,"y":0.3185097575187683,"z":5.129244327545166},"rotation":{"x":-0.019808880984783174,"y":-0.004533391445875168,"z":0.00012547824007924646,"w":-0.9998413920402527},"size":5.451442241668701,"orthographic":false}