{"cameraMode":{"drawMode":0,"name":"Shaded","section":"Shading Mode"},"sceneLighting":false,"audioPlay":false,"sceneViewState":{"showFog":false,"showMaterialUpdate":false,"showSkybox":false,"showFlares":false,"showImageEffects":false,"showParticleSystems":false},"in2DMode":false,"pivot":{"x":3.8299999237060549,"y":0.9249999523162842,"z":0.0},"rotation":{"x":-0.030256671831011773,"y":0.058409109711647037,"z":-0.0017362249782308937,"w":-0.9978806972503662},"size":3.9745595455169679,"orthographic":false}