{"cameraMode":{"drawMode":0,"name":"Shaded","section":"Shading Mode"},"sceneLighting":false,"audioPlay":false,"sceneViewState":{"showFog":false,"showMaterialUpdate":false,"showSkybox":false,"showFlares":false,"showImageEffects":false,"showParticleSystems":false},"in2DMode":false,"pivot":{"x":-8.940696716308594e-8,"y":0.5474292039871216,"z":-0.06250419467687607},"rotation":{"x":0.0071647451259195808,"y":0.9927544593811035,"z":-0.0794064849615097,"w":0.09045068919658661},"size":0.6671361327171326,"orthographic":false}