{"cameraMode":{"drawMode":0,"name":"Shaded","section":"Shading Mode"},"sceneLighting":false,"audioPlay":false,"sceneViewState":{"showFog":false,"showMaterialUpdate":false,"showSkybox":false,"showFlares":false,"showImageEffects":false,"showParticleSystems":false},"in2DMode":false,"pivot":{"x":5.010000228881836,"y":0.9993013739585877,"z":0.0},"rotation":{"x":-0.03615482524037361,"y":0.09128338098526001,"z":-0.0032810803968459369,"w":-0.9952114820480347},"size":5.111970901489258,"orthographic":false}