{"cameraMode":{"drawMode":0,"name":"Shaded","section":"Shading Mode"},"sceneLighting":false,"audioPlay":false,"sceneViewState":{"showFog":false,"showMaterialUpdate":false,"showSkybox":false,"showFlares":false,"showImageEffects":false,"showParticleSystems":false},"in2DMode":false,"pivot":{"x":0.11621836572885513,"y":-0.11762148886919022,"z":0.029320649802684785},"rotation":{"x":0.11683625727891922,"y":-0.06011645495891571,"z":0.007014131173491478,"w":0.9913564920425415},"size":0.2787918150424957,"orthographic":false}