{"cameraMode":{"drawMode":0,"name":"Shaded","section":"Shading Mode"},"sceneLighting":false,"audioPlay":false,"sceneViewState":{"showFog":false,"showMaterialUpdate":false,"showSkybox":false,"showFlares":false,"showImageEffects":false,"showParticleSystems":false},"in2DMode":false,"pivot":{"x":1.980464220046997,"y":0.9054571390151978,"z":0.023568175733089448},"rotation":{"x":0.01978888176381588,"y":-0.04853289946913719,"z":0.0008988935733214021,"w":0.9986746311187744},"size":0.6560183167457581,"orthographic":false}