{"cameraMode":{"drawMode":0,"name":"Shaded","section":"Shading Mode"},"sceneLighting":false,"audioPlay":false,"sceneViewState":{"showFog":false,"showMaterialUpdate":false,"showSkybox":false,"showFlares":false,"showImageEffects":false,"showParticleSystems":false},"in2DMode":false,"pivot":{"x":4.244075298309326,"y":-0.3215549886226654,"z":4.361966609954834},"rotation":{"x":0.08048722892999649,"y":-0.13470830023288728,"z":0.010915691964328289,"w":0.9876009821891785},"size":4.921174049377441,"orthographic":false}