{"cameraMode":{"drawMode":0,"name":"Shaded","section":"Shading Mode"},"sceneLighting":false,"audioPlay":false,"sceneViewState":{"showFog":false,"showMaterialUpdate":false,"showSkybox":false,"showFlares":false,"showImageEffects":false,"showParticleSystems":false},"in2DMode":false,"pivot":{"x":4.3239641189575199,"y":1.3732554912567139,"z":0.0},"rotation":{"x":0.01978888176381588,"y":-0.04853289946913719,"z":0.0008988935733214021,"w":0.9986746311187744},"size":3.833932399749756,"orthographic":false}