{"cameraMode":{"drawMode":0,"name":"Shaded","section":"Shading Mode"},"sceneLighting":false,"audioPlay":false,"sceneViewState":{"showFog":false,"showMaterialUpdate":false,"showSkybox":false,"showFlares":false,"showImageEffects":false,"showParticleSystems":false},"in2DMode":false,"pivot":{"x":3.9905002117156984,"y":1.3300000429153443,"z":0.0},"rotation":{"x":0.06910132616758347,"y":-0.06784966588020325,"z":0.004648404195904732,"w":0.9953383207321167},"size":4.5017523765563969,"orthographic":false}