{"cameraMode":{"drawMode":0,"name":"Shaded","section":"Shading Mode"},"sceneLighting":false,"audioPlay":false,"sceneViewState":{"showFog":false,"showMaterialUpdate":false,"showSkybox":false,"showFlares":false,"showImageEffects":false,"showParticleSystems":false},"in2DMode":false,"pivot":{"x":2.101964235305786,"y":0.3569490611553192,"z":-0.5131793022155762},"rotation":{"x":0.016806822270154954,"y":-0.023054976016283037,"z":0.00031974661396816373,"w":0.9996462464332581},"size":2.4539120197296144,"orthographic":false}