{"cameraMode":{"drawMode":0,"name":"Shaded","section":"Shading Mode"},"sceneLighting":false,"audioPlay":false,"sceneViewState":{"showFog":false,"showMaterialUpdate":false,"showSkybox":false,"showFlares":false,"showImageEffects":false,"showParticleSystems":false},"in2DMode":false,"pivot":{"x":0.12168311327695847,"y":0.42383646965026858,"z":0.033223915845155719},"rotation":{"x":0.0071647451259195808,"y":0.9927544593811035,"z":-0.0794064849615097,"w":0.09045068919658661},"size":0.8485680222511292,"orthographic":false}