{"cameraMode":{"drawMode":0,"name":"Shaded","section":"Shading Mode"},"sceneLighting":false,"audioPlay":false,"sceneViewState":{"showFog":false,"showMaterialUpdate":false,"showSkybox":false,"showFlares":false,"showImageEffects":false,"showParticleSystems":false},"in2DMode":false,"pivot":{"x":4.229618072509766,"y":0.4150680899620056,"z":5.141263008117676},"rotation":{"x":-0.037792131304740909,"y":-0.022516639903187753,"z":0.0008845248376019299,"w":-0.9990801811218262},"size":5.183576583862305,"orthographic":false}