{"cameraMode":{"drawMode":0,"name":"Shaded","section":"Shading Mode"},"sceneLighting":false,"audioPlay":false,"sceneViewState":{"showFog":false,"showMaterialUpdate":false,"showSkybox":false,"showFlares":false,"showImageEffects":false,"showParticleSystems":false},"in2DMode":false,"pivot":{"x":4.715325355529785,"y":0.16542354226112367,"z":4.982481479644775},"rotation":{"x":-0.05577494949102402,"y":-0.01650683768093586,"z":0.0009635229944251478,"w":-0.9983534216880798},"size":4.323030471801758,"orthographic":false}