{"cameraMode":{"drawMode":0,"name":"Shaded","section":"Shading Mode"},"sceneLighting":false,"audioPlay":false,"sceneViewState":{"showFog":false,"showMaterialUpdate":false,"showSkybox":false,"showFlares":false,"showImageEffects":false,"showParticleSystems":false},"in2DMode":false,"pivot":{"x":4.512964248657227,"y":1.415457010269165,"z":0.023568175733089448},"rotation":{"x":0.08570704609155655,"y":0.005416925996541977,"z":-0.000527133175637573,"w":0.9963587522506714},"size":4.152945041656494,"orthographic":false}