{"cameraMode":{"drawMode":0,"name":"Shaded","section":"Shading Mode"},"sceneLighting":false,"audioPlay":false,"sceneViewState":{"showFog":false,"showMaterialUpdate":false,"showSkybox":false,"showFlares":false,"showImageEffects":false,"showParticleSystems":false},"in2DMode":false,"pivot":{"x":2.5330450534820558,"y":0.988255500793457,"z":0.958585262298584},"rotation":{"x":0.01978888176381588,"y":-0.04853289946913719,"z":0.0008988935733214021,"w":0.9986746311187744},"size":4.153311729431152,"orthographic":false}