{"cameraMode":{"drawMode":0,"name":"Shaded","section":"Shading Mode"},"sceneLighting":false,"audioPlay":false,"sceneViewState":{"showFog":false,"showMaterialUpdate":false,"showSkybox":false,"showFlares":false,"showImageEffects":false,"showParticleSystems":false},"in2DMode":false,"pivot":{"x":6.267220497131348,"y":0.8248924016952515,"z":0.23817312717437745},"rotation":{"x":-0.03615482524037361,"y":0.09128338098526001,"z":-0.0032810803968459369,"w":-0.9952114820480347},"size":3.035153865814209,"orthographic":false}