{"cameraMode":{"drawMode":0,"name":"Shaded","section":"Shading Mode"},"sceneLighting":false,"audioPlay":false,"sceneViewState":{"showFog":false,"showMaterialUpdate":false,"showSkybox":false,"showFlares":false,"showImageEffects":false,"showParticleSystems":false},"in2DMode":false,"pivot":{"x":3.993983745574951,"y":0.5534125566482544,"z":5.914797782897949},"rotation":{"x":0.02419186756014824,"y":0.09527239948511124,"z":-0.0023773740977048876,"w":0.9952042102813721},"size":4.589389801025391,"orthographic":false}