{"cameraMode":{"drawMode":0,"name":"Shaded","section":"Shading Mode"},"sceneLighting":false,"audioPlay":false,"sceneViewState":{"showFog":false,"showMaterialUpdate":false,"showSkybox":false,"showFlares":false,"showImageEffects":false,"showParticleSystems":false},"in2DMode":false,"pivot":{"x":0.0015995204448699952,"y":0.510507345199585,"z":-0.14123407006263734},"rotation":{"x":0.0071647451259195808,"y":0.9927544593811035,"z":-0.0794064849615097,"w":0.09045068919658661},"size":0.6702058911323547,"orthographic":false}