{"cameraMode":{"drawMode":0,"name":"Shaded","section":"Shading Mode"},"sceneLighting":false,"audioPlay":false,"sceneViewState":{"showFog":false,"showMaterialUpdate":false,"showSkybox":false,"showFlares":false,"showImageEffects":false,"showParticleSystems":false},"in2DMode":false,"pivot":{"x":-2.619447708129883,"y":0.5993611216545105,"z":-0.000004202127456665039},"rotation":{"x":0.034875158220529559,"y":-0.6921703815460205,"z":0.03340597078204155,"w":0.7201894521713257},"size":0.8645045161247253,"orthographic":false}