{"cameraMode":{"drawMode":0,"name":"Shaded","section":"Shading Mode"},"sceneLighting":false,"audioPlay":false,"sceneViewState":{"showFog":false,"showMaterialUpdate":false,"showSkybox":false,"showFlares":false,"showImageEffects":false,"showParticleSystems":false},"in2DMode":false,"pivot":{"x":2.3126895427703859,"y":-0.04083859920501709,"z":5.20378303527832},"rotation":{"x":-0.03628486767411232,"y":0.03294047340750694,"z":-0.0011593709932640195,"w":-0.9988458156585693},"size":5.451442241668701,"orthographic":false}