{"cameraMode":{"drawMode":0,"name":"Shaded","section":"Shading Mode"},"sceneLighting":false,"audioPlay":false,"sceneViewState":{"showFog":false,"showMaterialUpdate":false,"showSkybox":false,"showFlares":false,"showImageEffects":false,"showParticleSystems":false},"in2DMode":false,"pivot":{"x":1.8930840492248536,"y":1.8744715452194214,"z":0.023568175733089448},"rotation":{"x":0.06910132616758347,"y":-0.06784966588020325,"z":0.004648404195904732,"w":0.9953383207321167},"size":2.6599926948547365,"orthographic":false}