{"cameraMode":{"drawMode":0,"name":"Shaded","section":"Shading Mode"},"sceneLighting":false,"audioPlay":false,"sceneViewState":{"showFog":false,"showMaterialUpdate":false,"showSkybox":false,"showFlares":false,"showImageEffects":false,"showParticleSystems":false},"in2DMode":false,"pivot":{"x":-0.05740034580230713,"y":0.5284460783004761,"z":8.940696716308594e-8},"rotation":{"x":0.034875158220529559,"y":-0.6921703815460205,"z":0.03340597078204155,"w":0.7201894521713257},"size":0.6876609921455383,"orthographic":false}