{"cameraMode":{"drawMode":0,"name":"Shaded","section":"Shading Mode"},"sceneLighting":false,"audioPlay":false,"sceneViewState":{"showFog":false,"showMaterialUpdate":false,"showSkybox":false,"showFlares":false,"showImageEffects":false,"showParticleSystems":false},"in2DMode":false,"pivot":{"x":4.315797805786133,"y":1.9081244468688965,"z":5.143305778503418},"rotation":{"x":0.032675109803676608,"y":-0.02701951190829277,"z":-0.0008498767274431884,"w":-0.9991491436958313},"size":6.0835771560668949,"orthographic":false}