{"cameraMode":{"drawMode":0,"name":"Shaded","section":"Shading Mode"},"sceneLighting":false,"audioPlay":false,"sceneViewState":{"showFog":false,"showMaterialUpdate":false,"showSkybox":false,"showFlares":false,"showImageEffects":false,"showParticleSystems":false},"in2DMode":false,"pivot":{"x":5.81810188293457,"y":0.6653590202331543,"z":2.645357370376587},"rotation":{"x":0.016746433451771737,"y":-0.09042691439390183,"z":0.0014574246015399695,"w":0.9958111643791199},"size":3.989389657974243,"orthographic":false}