{"cameraMode":{"drawMode":0,"name":"Shaded","section":"Shading Mode"},"sceneLighting":false,"audioPlay":false,"sceneViewState":{"showFog":false,"showMaterialUpdate":false,"showSkybox":false,"showFlares":false,"showImageEffects":false,"showParticleSystems":false},"in2DMode":false,"pivot":{"x":3.9655966758728029,"y":-0.437651127576828,"z":4.602930545806885},"rotation":{"x":0.08720269799232483,"y":-0.0035498789511621,"z":0.0002484383003320545,"w":0.9962342977523804},"size":4.921174049377441,"orthographic":false}