{"cameraMode":{"drawMode":0,"name":"Shaded","section":"Shading Mode"},"sceneLighting":false,"audioPlay":false,"sceneViewState":{"showFog":false,"showMaterialUpdate":false,"showSkybox":false,"showFlares":false,"showImageEffects":false,"showParticleSystems":false},"in2DMode":false,"pivot":{"x":4.144999980926514,"y":1.1406149864196778,"z":0.023568175733089448},"rotation":{"x":-0.03615482524037361,"y":0.09128338098526001,"z":-0.0032810803968459369,"w":-0.9952114820480347},"size":4.584719181060791,"orthographic":false}