{"cameraMode":{"drawMode":0,"name":"Shaded","section":"Shading Mode"},"sceneLighting":false,"audioPlay":false,"sceneViewState":{"showFog":false,"showMaterialUpdate":false,"showSkybox":false,"showFlares":false,"showImageEffects":false,"showParticleSystems":false},"in2DMode":false,"pivot":{"x":1.055490255355835,"y":0.5755772590637207,"z":-0.06391739100217819},"rotation":{"x":0.013910007663071156,"y":-0.7141509652137756,"z":0.014104088768362999,"w":0.6997817754745483},"size":0.7017971873283386,"orthographic":false}