{"cameraMode":{"drawMode":0,"name":"Shaded","section":"Shading Mode"},"sceneLighting":false,"audioPlay":false,"sceneViewState":{"showFog":false,"showMaterialUpdate":false,"showSkybox":false,"showFlares":false,"showImageEffects":false,"showParticleSystems":false},"in2DMode":false,"pivot":{"x":4.262449264526367,"y":0.840085506439209,"z":3.7076172828674318},"rotation":{"x":0.024239085614681245,"y":0.0728580579161644,"z":-0.0018343600677326322,"w":0.9970957040786743},"size":4.153311729431152,"orthographic":false}