{"cameraMode":{"drawMode":0,"name":"Shaded","section":"Shading Mode"},"sceneLighting":false,"audioPlay":false,"sceneViewState":{"showFog":false,"showMaterialUpdate":false,"showSkybox":false,"showFlares":false,"showImageEffects":false,"showParticleSystems":false},"in2DMode":false,"pivot":{"x":-0.0680147260427475,"y":0.7478717565536499,"z":0.026886671781539918},"rotation":{"x":0.009523977525532246,"y":-0.9898741841316223,"z":-0.11603613942861557,"w":-0.0812460333108902},"size":0.044216275215148929,"orthographic":false}