{"cameraMode":{"drawMode":0,"name":"Shaded","section":"Shading Mode"},"sceneLighting":false,"audioPlay":false,"sceneViewState":{"showFog":false,"showMaterialUpdate":false,"showSkybox":false,"showFlares":false,"showImageEffects":false,"showParticleSystems":false},"in2DMode":false,"pivot":{"x":4.220000267028809,"y":1.2000000476837159,"z":0.0},"rotation":{"x":0.17917203903198243,"y":-0.043344106525182727,"z":0.007831012830138207,"w":0.9828821420669556},"size":4.335309028625488,"orthographic":false}