{"cameraMode":{"drawMode":0,"name":"Shaded","section":"Shading Mode"},"sceneLighting":false,"audioPlay":false,"sceneViewState":{"showFog":false,"showMaterialUpdate":false,"showSkybox":false,"showFlares":false,"showImageEffects":false,"showParticleSystems":false},"in2DMode":false,"pivot":{"x":5.1242356300354,"y":-0.03157532215118408,"z":4.581973552703857},"rotation":{"x":0.05062512308359146,"y":0.15905623137950898,"z":-0.008228915743529797,"w":0.9859862327575684},"size":4.589389801025391,"orthographic":false}