{"cameraMode":{"drawMode":0,"name":"Shaded","section":"Shading Mode"},"sceneLighting":false,"audioPlay":false,"sceneViewState":{"showFog":false,"showMaterialUpdate":false,"showSkybox":false,"showFlares":false,"showImageEffects":false,"showParticleSystems":false},"in2DMode":false,"pivot":{"x":1.8982086181640626,"y":0.38818296790122988,"z":4.430577278137207},"rotation":{"x":-0.019807159900665284,"y":0.016462795436382295,"z":-0.0002905960427597165,"w":-0.9997150301933289},"size":5.450747489929199,"orthographic":false}