{"cameraMode":{"drawMode":0,"name":"Shaded","section":"Shading Mode"},"sceneLighting":true,"audioPlay":false,"sceneViewState":{"showFog":false,"showMaterialUpdate":false,"showSkybox":false,"showFlares":false,"showImageEffects":false,"showParticleSystems":false},"in2DMode":false,"pivot":{"x":17.09830093383789,"y":-1.9123601913452149,"z":4.408693313598633},"rotation":{"x":0.18978306651115418,"y":-0.2873755395412445,"z":0.058151163160800937,"w":0.9370754957199097},"size":11.361345291137696,"orthographic":false}